Tipo;Periodo;Indice
IPC General;2010-01-01;76.4588
IPC General;2010-02-01;76.6736
IPC General;2010-03-01;76.7381
IPC General;2010-04-01;77.0928
IPC General;2010-05-01;77.3702
IPC General;2010-06-01;77.3705
IPC General;2010-07-01;77.8675
IPC General;2010-08-01;77.7909
IPC General;2010-09-01;78.1020
IPC General;2010-10-01;78.1786
IPC General;2010-11-01;78.2336
IPC General;2010-12-01;78.3259
IPC General;2011-01-01;78.5379
IPC General;2011-02-01;78.7186
IPC General;2011-03-01;79.3206
IPC General;2011-04-01;79.5736
IPC General;2011-05-01;79.8917
IPC General;2011-06-01;80.0273
IPC General;2011-07-01;80.1289
IPC General;2011-08-01;80.2588
IPC General;2011-09-01;80.6577
IPC General;2011-10-01;81.0493
IPC General;2011-11-01;81.3064
IPC General;2011-12-01;81.8018
IPC General;2012-01-01;81.8738
IPC General;2012-02-01;82.1918
IPC General;2012-03-01;82.3259
IPC General;2012-04-01;82.3676
IPC General;2012-05-01;82.3929
IPC General;2012-06-01;82.1489
IPC General;2012-07-01;82.1381
IPC General;2012-08-01;82.3198
IPC General;2012-09-01;82.9524
IPC General;2012-10-01;83.4159
IPC General;2012-11-01;83.0402
IPC General;2012-12-01;83.0181
IPC General;2013-01-01;83.1657
IPC General;2013-02-01;83.2632
IPC General;2013-03-01;83.5828
IPC General;2013-04-01;83.1785
IPC General;2013-05-01;83.1714
IPC General;2013-06-01;83.7039
IPC General;2013-07-01;83.9221
IPC General;2013-08-01;84.1241
IPC General;2013-09-01;84.5756
IPC General;2013-10-01;84.6963
IPC General;2013-11-01;85.0116
IPC General;2013-12-01;85.5206
IPC General;2014-01-01;85.6737
IPC General;2014-02-01;86.0907
IPC General;2014-03-01;86.8115
IPC General;2014-04-01;87.3506
IPC General;2014-05-01;87.6455
IPC General;2014-06-01;87.6909
IPC General;2014-07-01;87.8946
IPC General;2014-08-01;88.1799
IPC General;2014-09-01;88.9179
IPC General;2014-10-01;89.8434
IPC General;2014-11-01;89.8657
IPC General;2014-12-01;89.4943
IPC General;2015-01-01;89.5636
IPC General;2015-02-01;89.8786
IPC General;2015-03-01;90.4438
IPC General;2015-04-01;90.9637
IPC General;2015-05-01;91.1244
IPC General;2015-06-01;91.5659
IPC General;2015-07-01;91.9530
IPC General;2015-08-01;92.5743
IPC General;2015-09-01;93.0479
IPC General;2015-10-01;93.4275
IPC General;2015-11-01;93.4034
IPC General;2015-12-01;93.4128
IPC General;2016-01-01;93.8524
IPC General;2016-02-01;94.1133
IPC General;2016-03-01;94.4704
IPC General;2016-04-01;94.7783
IPC General;2016-05-01;94.9910
IPC General;2016-06-01;95.4183
IPC General;2016-07-01;95.6491
IPC General;2016-08-01;95.6958
IPC General;2016-09-01;95.9287
IPC General;2016-10-01;96.0878
IPC General;2016-11-01;96.1394
IPC General;2016-12-01;95.9431
IPC General;2017-01-01;96.4613
IPC General;2017-02-01;96.6922
IPC General;2017-03-01;97.0618
IPC General;2017-04-01;97.2942
IPC General;2017-05-01;97.4176
IPC General;2017-06-01;97.0378
IPC General;2017-07-01;97.2718
IPC General;2017-08-01;97.4684
IPC General;2017-09-01;97.3211
IPC General;2017-10-01;97.8921
IPC General;2017-11-01;97.9759
IPC General;2017-12-01;98.1206
IPC General;2018-01-01;98.5725
IPC General;2018-02-01;98.6168
IPC General;2018-03-01;98.8186
IPC General;2018-04-01;99.1310
IPC General;2018-05-01;99.4083
IPC General;2018-06-01;99.5108
IPC General;2018-07-01;99.8632
IPC General;2018-08-01;100.0349
IPC General;2018-09-01;100.3749
IPC General;2018-10-01;100.7428
IPC General;2018-11-01;100.7375
IPC General;2018-12-01;100.6356
IPC General;2019-01-01;100.7481
IPC General;2019-02-01;100.7946
IPC General;2019-03-01;101.2727
IPC General;2019-04-01;101.5366
IPC General;2019-05-01;102.1503
IPC General;2019-06-01;102.2002
IPC General;2019-07-01;102.4287
IPC General;2019-08-01;102.6204
IPC General;2019-09-01;102.6329
IPC General;2019-10-01;103.4654
IPC General;2019-11-01;103.5532
IPC General;2019-12-01;103.6560
IPC General;2020-01-01;104.2429
IPC General;2020-02-01;104.7103
IPC General;2020-03-01;105.0564
IPC General;2020-04-01;105.0137
IPC General;2020-05-01;104.9615
IPC General;2020-06-01;104.8860
IPC General;2020-07-01;104.9912
IPC General;2020-08-01;105.1299
IPC General;2020-09-01;105.7978
IPC General;2020-10-01;106.5243
IPC General;2020-11-01;106.3781
IPC General;2020-12-01;106.7375
IPC General;2021-01-01;107.4871
IPC General;2021-02-01;107.6863
IPC General;2021-03-01;108.0905
IPC General;2021-04-01;108.4980
IPC General;2021-05-01;108.7895
IPC General;2021-06-01;108.8762
IPC General;2021-07-01;109.7570
IPC General;2021-08-01;110.1514
IPC General;2021-09-01;111.4488
IPC General;2021-10-01;112.9434
IPC General;2021-11-01;113.5067
IPC General;2021-12-01;114.3937
IPC General;2022-01-01;115.7677
IPC General;2022-02-01;116.1026
IPC General;2022-03-01;118.2557
IPC General;2022-04-01;119.9093
IPC General;2022-05-01;121.3468
IPC General;2022-06-01;122.4785
IPC sin volátiles;2010-01-01;77.3147
IPC sin volátiles;2010-02-01;77.4430
IPC sin volátiles;2010-03-01;77.6951
IPC sin volátiles;2010-04-01;77.7062
IPC sin volátiles;2010-05-01;77.6253
IPC sin volátiles;2010-06-01;77.7277
IPC sin volátiles;2010-07-01;77.7578
IPC sin volátiles;2010-08-01;77.9487
IPC sin volátiles;2010-09-01;78.1841
IPC sin volátiles;2010-10-01;78.2634
IPC sin volátiles;2010-11-01;78.2200
IPC sin volátiles;2010-12-01;78.2010
IPC sin volátiles;2011-01-01;78.2813
IPC sin volátiles;2011-02-01;78.4579
IPC sin volátiles;2011-03-01;78.9242
IPC sin volátiles;2011-04-01;79.0854
IPC sin volátiles;2011-05-01;79.3576
IPC sin volátiles;2011-06-01;79.3473
IPC sin volátiles;2011-07-01;79.4516
IPC sin volátiles;2011-08-01;79.5344
IPC sin volátiles;2011-09-01;79.6979
IPC sin volátiles;2011-10-01;79.8654
IPC sin volátiles;2011-11-01;79.9811
IPC sin volátiles;2011-12-01;80.2473
IPC sin volátiles;2012-01-01;80.5946
IPC sin volátiles;2012-02-01;80.8142
IPC sin volátiles;2012-03-01;81.2128
IPC sin volátiles;2012-04-01;81.4198
IPC sin volátiles;2012-05-01;81.4502
IPC sin volátiles;2012-06-01;81.4918
IPC sin volátiles;2012-07-01;81.5526
IPC sin volátiles;2012-08-01;81.5973
IPC sin volátiles;2012-09-01;81.8937
IPC sin volátiles;2012-10-01;82.0655
IPC sin volátiles;2012-11-01;82.1471
IPC sin volátiles;2012-12-01;82.3248
IPC sin volátiles;2013-01-01;82.5341
IPC sin volátiles;2013-02-01;82.5830
IPC sin volátiles;2013-03-01;83.1165
IPC sin volátiles;2013-04-01;83.2859
IPC sin volátiles;2013-05-01;83.2799
IPC sin volátiles;2013-06-01;83.2895
IPC sin volátiles;2013-07-01;83.3585
IPC sin volátiles;2013-08-01;83.4983
IPC sin volátiles;2013-09-01;83.8854
IPC sin volátiles;2013-10-01;84.2464
IPC sin volátiles;2013-11-01;84.3527
IPC sin volátiles;2013-12-01;84.6031
IPC sin volátiles;2014-01-01;84.8564
IPC sin volátiles;2014-02-01;85.1488
IPC sin volátiles;2014-03-01;86.0612
IPC sin volátiles;2014-04-01;86.7263
IPC sin volátiles;2014-05-01;87.0303
IPC sin volátiles;2014-06-01;87.1832
IPC sin volátiles;2014-07-01;87.2627
IPC sin volátiles;2014-08-01;87.4517
IPC sin volátiles;2014-09-01;87.9371
IPC sin volátiles;2014-10-01;88.4562
IPC sin volátiles;2014-11-01;88.6312
IPC sin volátiles;2014-12-01;88.7208
IPC sin volátiles;2015-01-01;89.1531
IPC sin volátiles;2015-02-01;89.5519
IPC sin volátiles;2015-03-01;90.4162
IPC sin volátiles;2015-04-01;91.0748
IPC sin volátiles;2015-05-01;91.3489
IPC sin volátiles;2015-06-01;91.5660
IPC sin volátiles;2015-07-01;91.8773
IPC sin volátiles;2015-08-01;92.2686
IPC sin volátiles;2015-09-01;92.6550
IPC sin volátiles;2015-10-01;93.1350
IPC sin volátiles;2015-11-01;93.2597
IPC sin volátiles;2015-12-01;93.3685
IPC sin volátiles;2016-01-01;93.6831
IPC sin volátiles;2016-02-01;94.0719
IPC sin volátiles;2016-03-01;94.7790
IPC sin volátiles;2016-04-01;95.3366
IPC sin volátiles;2016-05-01;95.4375
IPC sin volátiles;2016-06-01;95.5460
IPC sin volátiles;2016-07-01;95.8509
IPC sin volátiles;2016-08-01;96.0073
IPC sin volátiles;2016-09-01;96.0141
IPC sin volátiles;2016-10-01;96.1306
IPC sin volátiles;2016-11-01;96.2836
IPC sin volátiles;2016-12-01;96.2567
IPC sin volátiles;2017-01-01;96.6384
IPC sin volátiles;2017-02-01;96.9763
IPC sin volátiles;2017-03-01;97.4813
IPC sin volátiles;2017-04-01;97.9352
IPC sin volátiles;2017-05-01;97.9893
IPC sin volátiles;2017-06-01;97.9898
IPC sin volátiles;2017-07-01;98.1059
IPC sin volátiles;2017-08-01;98.1469
IPC sin volátiles;2017-09-01;98.1117
IPC sin volátiles;2017-10-01;98.4093
IPC sin volátiles;2017-11-01;98.3194
IPC sin volátiles;2017-12-01;98.2882
IPC sin volátiles;2018-01-01;98.6271
IPC sin volátiles;2018-02-01;98.6683
IPC sin volátiles;2018-03-01;99.2827
IPC sin volátiles;2018-04-01;99.6685
IPC sin volátiles;2018-05-01;99.8314
IPC sin volátiles;2018-06-01;99.9346
IPC sin volátiles;2018-07-01;100.1042
IPC sin volátiles;2018-08-01;100.2714
IPC sin volátiles;2018-09-01;100.2713
IPC sin volátiles;2018-10-01;100.5071
IPC sin volátiles;2018-11-01;100.6025
IPC sin volátiles;2018-12-01;100.5200
IPC sin volátiles;2019-01-01;101.0000
IPC sin volátiles;2019-02-01;101.1500
IPC sin volátiles;2019-03-01;101.8000
IPC sin volátiles;2019-04-01;102.1000
IPC sin volátiles;2019-05-01;102.2200
IPC sin volátiles;2019-06-01;102.3100
IPC sin volátiles;2019-07-01;102.4700
IPC sin volátiles;2019-08-01;102.5500
IPC sin volátiles;2019-09-01;102.6300
IPC sin volátiles;2019-10-01;102.9600
IPC sin volátiles;2019-11-01;103.0100
IPC sin volátiles;2019-12-01;103.1000
IPC sin volátiles;2020-01-01;103.4000
IPC sin volátiles;2020-02-01;103.7900
IPC sin volátiles;2020-03-01;104.4800
IPC sin volátiles;2020-04-01;104.8800
IPC sin volátiles;2020-05-01;104.8400
IPC sin volátiles;2020-06-01;104.8300
IPC sin volátiles;2020-07-01;105.0200
IPC sin volátiles;2020-08-01;105.2100
IPC sin volátiles;2020-09-01;105.6100
IPC sin volátiles;2020-10-01;106.2400
IPC sin volátiles;2020-11-01;106.2600
IPC sin volátiles;2020-12-01;106.4700
IPC sin volátiles;2021-01-01;107.0700
IPC sin volátiles;2021-02-01;107.1000
IPC sin volátiles;2021-03-01;107.6100
IPC sin volátiles;2021-04-01;108.1500
IPC sin volátiles;2021-05-01;108.3700
IPC sin volátiles;2021-06-01;108.2300
IPC sin volátiles;2021-07-01;109.0300
IPC sin volátiles;2021-08-01;109.2400
IPC sin volátiles;2021-09-01;110.0400
IPC sin volátiles;2021-10-01;110.4000
IPC sin volátiles;2021-11-01;111.2300
IPC sin volátiles;2021-12-01;111.9800
IPC sin volátiles;2022-01-01;113.3200
IPC sin volátiles;2022-02-01;114.0900
IPC sin volátiles;2022-03-01;115.8400
IPC sin volátiles;2022-04-01;117.1100
IPC sin volátiles;2022-05-01;118.1500
IPC sin volátiles;2022-06-01;118.9200
IPC Servicios sin volátiles;2010-01-01;70.1692
IPC Servicios sin volátiles;2010-02-01;70.3202
IPC Servicios sin volátiles;2010-03-01;70.8464
IPC Servicios sin volátiles;2010-04-01;70.9772
IPC Servicios sin volátiles;2010-05-01;71.1110
IPC Servicios sin volátiles;2010-06-01;71.2074
IPC Servicios sin volátiles;2010-07-01;71.2465
IPC Servicios sin volátiles;2010-08-01;71.4451
IPC Servicios sin volátiles;2010-09-01;71.5922
IPC Servicios sin volátiles;2010-10-01;71.7771
IPC Servicios sin volátiles;2010-11-01;71.8549
IPC Servicios sin volátiles;2010-12-01;72.0811
IPC Servicios sin volátiles;2011-01-01;72.3739
IPC Servicios sin volátiles;2011-02-01;72.6658
IPC Servicios sin volátiles;2011-03-01;73.4829
IPC Servicios sin volátiles;2011-04-01;73.7266
IPC Servicios sin volátiles;2011-05-01;73.8999
IPC Servicios sin volátiles;2011-06-01;74.0552
IPC Servicios sin volátiles;2011-07-01;74.2451
IPC Servicios sin volátiles;2011-08-01;74.4801
IPC Servicios sin volátiles;2011-09-01;74.7119
IPC Servicios sin volátiles;2011-10-01;74.8889
IPC Servicios sin volátiles;2011-11-01;75.0769
IPC Servicios sin volátiles;2011-12-01;75.4166
IPC Servicios sin volátiles;2012-01-01;75.6746
IPC Servicios sin volátiles;2012-02-01;75.9376
IPC Servicios sin volátiles;2012-03-01;76.6551
IPC Servicios sin volátiles;2012-04-01;77.0787
IPC Servicios sin volátiles;2012-05-01;77.2121
IPC Servicios sin volátiles;2012-06-01;77.4502
IPC Servicios sin volátiles;2012-07-01;77.6042
IPC Servicios sin volátiles;2012-08-01;77.7943
IPC Servicios sin volátiles;2012-09-01;77.9938
IPC Servicios sin volátiles;2012-10-01;78.2180
IPC Servicios sin volátiles;2012-11-01;78.4373
IPC Servicios sin volátiles;2012-12-01;78.8229
IPC Servicios sin volátiles;2013-01-01;79.1270
IPC Servicios sin volátiles;2013-02-01;79.2181
IPC Servicios sin volátiles;2013-03-01;80.1201
IPC Servicios sin volátiles;2013-04-01;80.5204
IPC Servicios sin volátiles;2013-05-01;80.7286
IPC Servicios sin volátiles;2013-06-01;80.8612
IPC Servicios sin volátiles;2013-07-01;81.1159
IPC Servicios sin volátiles;2013-08-01;81.3384
IPC Servicios sin volátiles;2013-09-01;81.7091
IPC Servicios sin volátiles;2013-10-01;82.0598
IPC Servicios sin volátiles;2013-11-01;82.4065
IPC Servicios sin volátiles;2013-12-01;82.8247
IPC Servicios sin volátiles;2014-01-01;83.1579
IPC Servicios sin volátiles;2014-02-01;83.3775
IPC Servicios sin volátiles;2014-03-01;84.6175
IPC Servicios sin volátiles;2014-04-01;85.1250
IPC Servicios sin volátiles;2014-05-01;85.3486
IPC Servicios sin volátiles;2014-06-01;85.5413
IPC Servicios sin volátiles;2014-07-01;85.5972
IPC Servicios sin volátiles;2014-08-01;85.7443
IPC Servicios sin volátiles;2014-09-01;86.0281
IPC Servicios sin volátiles;2014-10-01;86.3413
IPC Servicios sin volátiles;2014-11-01;86.5629
IPC Servicios sin volátiles;2014-12-01;86.7263
IPC Servicios sin volátiles;2015-01-01;87.0786
IPC Servicios sin volátiles;2015-02-01;87.2680
IPC Servicios sin volátiles;2015-03-01;88.4980
IPC Servicios sin volátiles;2015-04-01;89.0535
IPC Servicios sin volátiles;2015-05-01;89.2752
IPC Servicios sin volátiles;2015-06-01;89.4757
IPC Servicios sin volátiles;2015-07-01;89.6545
IPC Servicios sin volátiles;2015-08-01;89.9493
IPC Servicios sin volátiles;2015-09-01;90.2522
IPC Servicios sin volátiles;2015-10-01;90.5420
IPC Servicios sin volátiles;2015-11-01;90.7096
IPC Servicios sin volátiles;2015-12-01;90.8182
IPC Servicios sin volátiles;2016-01-01;91.1826
IPC Servicios sin volátiles;2016-02-01;91.4647
IPC Servicios sin volátiles;2016-03-01;92.6372
IPC Servicios sin volátiles;2016-04-01;93.0127
IPC Servicios sin volátiles;2016-05-01;93.2227
IPC Servicios sin volátiles;2016-06-01;93.3578
IPC Servicios sin volátiles;2016-07-01;93.5401
IPC Servicios sin volátiles;2016-08-01;93.6800
IPC Servicios sin volátiles;2016-09-01;93.8660
IPC Servicios sin volátiles;2016-10-01;93.9920
IPC Servicios sin volátiles;2016-11-01;94.1404
IPC Servicios sin volátiles;2016-12-01;94.3152
IPC Servicios sin volátiles;2017-01-01;94.6857
IPC Servicios sin volátiles;2017-02-01;94.9433
IPC Servicios sin volátiles;2017-03-01;96.1875
IPC Servicios sin volátiles;2017-04-01;96.5444
IPC Servicios sin volátiles;2017-05-01;96.6905
IPC Servicios sin volátiles;2017-06-01;96.7879
IPC Servicios sin volátiles;2017-07-01;96.9861
IPC Servicios sin volátiles;2017-08-01;97.0677
IPC Servicios sin volátiles;2017-09-01;97.1853
IPC Servicios sin volátiles;2017-10-01;97.3570
IPC Servicios sin volátiles;2017-11-01;97.4372
IPC Servicios sin volátiles;2017-12-01;97.5539
IPC Servicios sin volátiles;2018-01-01;97.8268
IPC Servicios sin volátiles;2018-02-01;98.0258
IPC Servicios sin volátiles;2018-03-01;99.1664
IPC Servicios sin volátiles;2018-04-01;99.5140
IPC Servicios sin volátiles;2018-05-01;99.6452
IPC Servicios sin volátiles;2018-06-01;99.8599
IPC Servicios sin volátiles;2018-07-01;100.0801
IPC Servicios sin volátiles;2018-08-01;100.2052
IPC Servicios sin volátiles;2018-09-01;100.3340
IPC Servicios sin volátiles;2018-10-01;100.5698
IPC Servicios sin volátiles;2018-11-01;100.7111
IPC Servicios sin volátiles;2018-12-01;100.7987
IPC Servicios sin volátiles;2019-01-01;101.2497
IPC Servicios sin volátiles;2019-02-01;101.4703
IPC Servicios sin volátiles;2019-03-01;102.5517
IPC Servicios sin volátiles;2019-04-01;102.6861
IPC Servicios sin volátiles;2019-05-01;102.8288
IPC Servicios sin volátiles;2019-06-01;102.9284
IPC Servicios sin volátiles;2019-07-01;103.2081
IPC Servicios sin volátiles;2019-08-01;103.1329
IPC Servicios sin volátiles;2019-09-01;103.1939
IPC Servicios sin volátiles;2019-10-01;103.4471
IPC Servicios sin volátiles;2019-11-01;103.4002
IPC Servicios sin volátiles;2019-12-01;103.5683
IPC Servicios sin volátiles;2020-01-01;103.8334
IPC Servicios sin volátiles;2020-02-01;104.0916
IPC Servicios sin volátiles;2020-03-01;104.9222
IPC Servicios sin volátiles;2020-04-01;105.0574
IPC Servicios sin volátiles;2020-05-01;104.9727
IPC Servicios sin volátiles;2020-06-01;105.0786
IPC Servicios sin volátiles;2020-07-01;105.0098
IPC Servicios sin volátiles;2020-08-01;105.1576
IPC Servicios sin volátiles;2020-09-01;105.3089
IPC Servicios sin volátiles;2020-10-01;105.7076
IPC Servicios sin volátiles;2020-11-01;105.8111
IPC Servicios sin volátiles;2020-12-01;105.9297
IPC Servicios sin volátiles;2021-01-01;106.2841
IPC Servicios sin volátiles;2021-02-01;106.3877
IPC Servicios sin volátiles;2021-03-01;107.1128
IPC Servicios sin volátiles;2021-04-01;107.4183
IPC Servicios sin volátiles;2021-05-01;107.5160
IPC Servicios sin volátiles;2021-06-01;107.6050
IPC Servicios sin volátiles;2021-07-01;108.0188
IPC Servicios sin volátiles;2021-08-01;108.4730
IPC Servicios sin volátiles;2021-09-01;108.8728
IPC Servicios sin volátiles;2021-10-01;109.5569
IPC Servicios sin volátiles;2021-11-01;110.0356
IPC Servicios sin volátiles;2021-12-01;110.4758
IPC Servicios sin volátiles;2022-01-01;111.2866
IPC Servicios sin volátiles;2022-02-01;111.5818
IPC Servicios sin volátiles;2022-03-01;113.2051
IPC Servicios sin volátiles;2022-04-01;114.2437
IPC Servicios sin volátiles;2022-05-01;114.8351
IPC Servicios sin volátiles;2022-06-01;115.6365
IPC Bienes sin volátiles;2010-01-01;85.9708
IPC Bienes sin volátiles;2010-02-01;86.0729
IPC Bienes sin volátiles;2010-03-01;86.0025
IPC Bienes sin volátiles;2010-04-01;85.8726
IPC Bienes sin volátiles;2010-05-01;85.5385
IPC Bienes sin volátiles;2010-06-01;85.6482
IPC Bienes sin volátiles;2010-07-01;85.6679
IPC Bienes sin volátiles;2010-08-01;85.8502
IPC Bienes sin volátiles;2010-09-01;86.1903
IPC Bienes sin volátiles;2010-10-01;86.1454
IPC Bienes sin volátiles;2010-11-01;85.9591
IPC Bienes sin volátiles;2010-12-01;85.6512
IPC Bienes sin volátiles;2011-01-01;85.4812
IPC Bienes sin volátiles;2011-02-01;85.5225
IPC Bienes sin volátiles;2011-03-01;85.5768
IPC Bienes sin volátiles;2011-04-01;85.6412
IPC Bienes sin volátiles;2011-05-01;86.0309
IPC Bienes sin volátiles;2011-06-01;85.8253
IPC Bienes sin volátiles;2011-07-01;85.8289
IPC Bienes sin volátiles;2011-08-01;85.7326
IPC Bienes sin volátiles;2011-09-01;85.8161
IPC Bienes sin volátiles;2011-10-01;85.9730
IPC Bienes sin volátiles;2011-11-01;86.0039
IPC Bienes sin volátiles;2011-12-01;86.1843
IPC Bienes sin volátiles;2012-01-01;86.6379
IPC Bienes sin volátiles;2012-02-01;86.8070
IPC Bienes sin volátiles;2012-03-01;86.8310
IPC Bienes sin volátiles;2012-04-01;86.7832
IPC Bienes sin volátiles;2012-05-01;86.6924
IPC Bienes sin volátiles;2012-06-01;86.5025
IPC Bienes sin volátiles;2012-07-01;86.4537
IPC Bienes sin volátiles;2012-08-01;86.3273
IPC Bienes sin volátiles;2012-09-01;86.7388
IPC Bienes sin volátiles;2012-10-01;86.8492
IPC Bienes sin volátiles;2012-11-01;86.7688
IPC Bienes sin volátiles;2012-12-01;86.7021
IPC Bienes sin volátiles;2013-01-01;86.8003
IPC Bienes sin volátiles;2013-02-01;86.7995
IPC Bienes sin volátiles;2013-03-01;86.9003
IPC Bienes sin volátiles;2013-04-01;86.7981
IPC Bienes sin volátiles;2013-05-01;86.5398
IPC Bienes sin volátiles;2013-06-01;86.4045
IPC Bienes sin volátiles;2013-07-01;86.2546
IPC Bienes sin volátiles;2013-08-01;86.2975
IPC Bienes sin volátiles;2013-09-01;86.7050
IPC Bienes sin volátiles;2013-10-01;87.0794
IPC Bienes sin volátiles;2013-11-01;86.9027
IPC Bienes sin volátiles;2013-12-01;86.9560
IPC Bienes sin volátiles;2014-01-01;87.1027
IPC Bienes sin volátiles;2014-02-01;87.4922
IPC Bienes sin volátiles;2014-03-01;87.9671
IPC Bienes sin volátiles;2014-04-01;88.8426
IPC Bienes sin volátiles;2014-05-01;89.2536
IPC Bienes sin volátiles;2014-06-01;89.3533
IPC Bienes sin volátiles;2014-07-01;89.4645
IPC Bienes sin volátiles;2014-08-01;89.7091
IPC Bienes sin volátiles;2014-09-01;90.4634
IPC Bienes sin volátiles;2014-10-01;91.2571
IPC Bienes sin volátiles;2014-11-01;91.3701
IPC Bienes sin volátiles;2014-12-01;91.3612
IPC Bienes sin volátiles;2015-01-01;91.8999
IPC Bienes sin volátiles;2015-02-01;92.5781
IPC Bienes sin volátiles;2015-03-01;92.9544
IPC Bienes sin volátiles;2015-04-01;93.7502
IPC Bienes sin volátiles;2015-05-01;94.0944
IPC Bienes sin volátiles;2015-06-01;94.3334
IPC Bienes sin volátiles;2015-07-01;94.8215
IPC Bienes sin volátiles;2015-08-01;95.3415
IPC Bienes sin volátiles;2015-09-01;95.8391
IPC Bienes sin volátiles;2015-10-01;96.5727
IPC Bienes sin volátiles;2015-11-01;96.6402
IPC Bienes sin volátiles;2015-12-01;96.7492
IPC Bienes sin volátiles;2016-01-01;96.9974
IPC Bienes sin volátiles;2016-02-01;97.5284
IPC Bienes sin volátiles;2016-03-01;97.6145
IPC Bienes sin volátiles;2016-04-01;98.4148
IPC Bienes sin volátiles;2016-05-01;98.3702
IPC Bienes sin volátiles;2016-06-01;98.4432
IPC Bienes sin volátiles;2016-07-01;98.9116
IPC Bienes sin volátiles;2016-08-01;99.0898
IPC Bienes sin volátiles;2016-09-01;98.8576
IPC Bienes sin volátiles;2016-10-01;98.9615
IPC Bienes sin volátiles;2016-11-01;99.1204
IPC Bienes sin volátiles;2016-12-01;98.8245
IPC Bienes sin volátiles;2017-01-01;99.2212
IPC Bienes sin volátiles;2017-02-01;99.6661
IPC Bienes sin volátiles;2017-03-01;99.1846
IPC Bienes sin volátiles;2017-04-01;99.7680
IPC Bienes sin volátiles;2017-05-01;99.6992
IPC Bienes sin volátiles;2017-06-01;99.5704
IPC Bienes sin volátiles;2017-07-01;99.5771
IPC Bienes sin volátiles;2017-08-01;99.5637
IPC Bienes sin volátiles;2017-09-01;99.3247
IPC Bienes sin volátiles;2017-10-01;99.7902
IPC Bienes sin volátiles;2017-11-01;99.4734
IPC Bienes sin volátiles;2017-12-01;99.2449
IPC Bienes sin volátiles;2018-01-01;99.6717
IPC Bienes sin volátiles;2018-02-01;99.5024
IPC Bienes sin volátiles;2018-03-01;99.4147
IPC Bienes sin volátiles;2018-04-01;99.8513
IPC Bienes sin volátiles;2018-05-01;100.0564
IPC Bienes sin volátiles;2018-06-01;100.0109
IPC Bienes sin volátiles;2018-07-01;100.1129
IPC Bienes sin volátiles;2018-08-01;100.3364
IPC Bienes sin volátiles;2018-09-01;100.1642
IPC Bienes sin volátiles;2018-10-01;100.3999
IPC Bienes sin volátiles;2018-11-01;100.4341
IPC Bienes sin volátiles;2018-12-01;100.1246
IPC Bienes sin volátiles;2019-01-01;100.6467
IPC Bienes sin volátiles;2019-02-01;100.6836
IPC Bienes sin volátiles;2019-03-01;100.7301
IPC Bienes sin volátiles;2019-04-01;101.2581
IPC Bienes sin volátiles;2019-05-01;101.3552
IPC Bienes sin volátiles;2019-06-01;101.4094
IPC Bienes sin volátiles;2019-07-01;101.4126
IPC Bienes sin volátiles;2019-08-01;101.7199
IPC Bienes sin volátiles;2019-09-01;101.8211
IPC Bienes sin volátiles;2019-10-01;102.2716
IPC Bienes sin volátiles;2019-11-01;102.4417
IPC Bienes sin volátiles;2019-12-01;102.4278
IPC Bienes sin volátiles;2020-01-01;102.7852
IPC Bienes sin volátiles;2020-02-01;103.3625
IPC Bienes sin volátiles;2020-03-01;103.8440
IPC Bienes sin volátiles;2020-04-01;104.6336
IPC Bienes sin volátiles;2020-05-01;104.6360
IPC Bienes sin volátiles;2020-06-01;104.4693
IPC Bienes sin volátiles;2020-07-01;105.0443
IPC Bienes sin volátiles;2020-08-01;105.2954
IPC Bienes sin volátiles;2020-09-01;106.0476
IPC Bienes sin volátiles;2020-10-01;107.0193
IPC Bienes sin volátiles;2020-11-01;106.9009
IPC Bienes sin volátiles;2020-12-01;107.2509
IPC Bienes sin volátiles;2021-01-01;108.2035
IPC Bienes sin volátiles;2021-02-01;108.1286
IPC Bienes sin volátiles;2021-03-01;108.3370
IPC Bienes sin volátiles;2021-04-01;109.2075
IPC Bienes sin volátiles;2021-05-01;109.5948
IPC Bienes sin volátiles;2021-06-01;109.1351
IPC Bienes sin volátiles;2021-07-01;110.4755
IPC Bienes sin volátiles;2021-08-01;110.3361
IPC Bienes sin volátiles;2021-09-01;111.7070
IPC Bienes sin volátiles;2021-10-01;111.6187
IPC Bienes sin volátiles;2021-11-01;112.9371
IPC Bienes sin volátiles;2021-12-01;114.1441
IPC Bienes sin volátiles;2022-01-01;116.2424
IPC Bienes sin volátiles;2022-02-01;117.6897
IPC Bienes sin volátiles;2022-03-01;119.6304
IPC Bienes sin volátiles;2022-04-01;121.2259
IPC Bienes sin volátiles;2022-05-01;122.9169
IPC Bienes sin volátiles;2022-06-01;123.6495
IPC volátil;2010-01-01;75.0590
IPC volátil;2010-02-01;75.4202
IPC volátil;2010-03-01;75.1682
IPC volátil;2010-04-01;76.1040
IPC volátil;2010-05-01;76.9853
IPC volátil;2010-06-01;76.8134
IPC volátil;2010-07-01;78.0988
IPC volátil;2010-08-01;77.5707
IPC volátil;2010-09-01;78.0099
IPC volátil;2010-10-01;78.0819
IPC volátil;2010-11-01;78.3031
IPC volátil;2010-12-01;78.5830
IPC volátil;2011-01-01;79.0177
IPC volátil;2011-02-01;79.2053
IPC volátil;2011-03-01;80.0367
IPC volátil;2011-04-01;80.4448
IPC volátil;2011-05-01;80.8406
IPC volátil;2011-06-01;81.2226
IPC volátil;2011-07-01;81.3198
IPC volátil;2011-08-01;81.5293
IPC volátil;2011-09-01;82.3259
IPC volátil;2011-10-01;83.0957
IPC volátil;2011-11-01;83.5919
IPC volátil;2011-12-01;84.4742
IPC volátil;2012-01-01;84.0815
IPC volátil;2012-02-01;84.5658
IPC volátil;2012-03-01;84.2536
IPC volátil;2012-04-01;84.0165
IPC volátil;2012-05-01;84.0331
IPC volátil;2012-06-01;83.3068
IPC volátil;2012-07-01;83.1751
IPC volátil;2012-08-01;83.5880
IPC volátil;2012-09-01;84.7887
IPC volátil;2012-10-01;85.7448
IPC volátil;2012-11-01;84.5969
IPC volátil;2012-12-01;84.2377
IPC volátil;2013-01-01;84.2812
IPC volátil;2013-02-01;84.4609
IPC volátil;2013-03-01;84.4195
IPC volátil;2013-04-01;83.0465
IPC volátil;2013-05-01;83.0375
IPC volátil;2013-06-01;84.4530
IPC volátil;2013-07-01;84.9234
IPC volátil;2013-08-01;85.2303
IPC volátil;2013-09-01;85.7909
IPC volátil;2013-10-01;85.5058
IPC volátil;2013-11-01;86.1742
IPC volátil;2013-12-01;87.1202
IPC volátil;2014-01-01;87.0996
IPC volátil;2014-02-01;87.7324
IPC volátil;2014-03-01;88.1216
IPC volátil;2014-04-01;88.4422
IPC volátil;2014-05-01;88.7216
IPC volátil;2014-06-01;88.5807
IPC volátil;2014-07-01;88.9994
IPC volátil;2014-08-01;89.4518
IPC volátil;2014-09-01;90.6274
IPC volátil;2014-10-01;92.2573
IPC volátil;2014-11-01;92.0148
IPC volátil;2014-12-01;90.8446
IPC volátil;2015-01-01;90.2851
IPC volátil;2015-02-01;90.4551
IPC volátil;2015-03-01;90.5019
IPC volátil;2015-04-01;90.7817
IPC volátil;2015-05-01;90.7459
IPC volátil;2015-06-01;91.5763
IPC volátil;2015-07-01;92.0947
IPC volátil;2015-08-01;93.1145
IPC volátil;2015-09-01;93.7395
IPC volátil;2015-10-01;93.9451
IPC volátil;2015-11-01;93.6633
IPC volátil;2015-12-01;93.5004
IPC volátil;2016-01-01;94.1567
IPC volátil;2016-02-01;94.1960
IPC volátil;2016-03-01;93.9466
IPC volátil;2016-04-01;93.8221
IPC volátil;2016-05-01;94.2285
IPC volátil;2016-06-01;95.2080
IPC volátil;2016-07-01;95.3105
IPC volátil;2016-08-01;95.1673
IPC volátil;2016-09-01;95.7919
IPC volátil;2016-10-01;96.0246
IPC volátil;2016-11-01;95.9008
IPC volátil;2016-12-01;95.4108
IPC volátil;2017-01-01;96.1655
IPC volátil;2017-02-01;96.2112
IPC volátil;2017-03-01;96.3463
IPC volátil;2017-04-01;96.1948
IPC volátil;2017-05-01;96.4385
IPC volátil;2017-06-01;95.3999
IPC volátil;2017-07-01;95.8380
IPC volátil;2017-08-01;96.3044
IPC volátil;2017-09-01;95.9626
IPC volátil;2017-10-01;97.0075
IPC volátil;2017-11-01;97.3921
IPC volátil;2017-12-01;97.8416
IPC volátil;2018-01-01;98.4893
IPC volátil;2018-02-01;98.5390
IPC volátil;2018-03-01;98.0260
IPC volátil;2018-04-01;98.2113
IPC volátil;2018-05-01;98.6868
IPC volátil;2018-06-01;98.7880
IPC volátil;2018-07-01;99.4574
IPC volátil;2018-08-01;99.6367
IPC volátil;2018-09-01;100.5660
IPC volátil;2018-10-01;101.1629
IPC volátil;2018-11-01;100.9830
IPC volátil;2018-12-01;100.8477
IPC volátil;2019-01-01;100.2729
IPC volátil;2019-02-01;100.1361
IPC volátil;2019-03-01;100.2793
IPC volátil;2019-04-01;100.4829
IPC volátil;2019-05-01;102.0112
IPC volátil;2019-06-01;102.0038
IPC volátil;2019-07-01;102.3488
IPC volátil;2019-08-01;102.7446
IPC volátil;2019-09-01;102.6369
IPC volátil;2019-10-01;104.4001
IPC volátil;2019-11-01;104.5732
IPC volátil;2019-12-01;104.6940
IPC volátil;2020-01-01;105.8130
IPC volátil;2020-02-01;106.4261
IPC volátil;2020-03-01;106.1344
IPC volátil;2020-04-01;105.2562
IPC volátil;2020-05-01;105.1972
IPC volátil;2020-06-01;104.9915
IPC volátil;2020-07-01;104.9296
IPC volátil;2020-08-01;104.9733
IPC volátil;2020-09-01;106.1456
IPC volátil;2020-10-01;107.0467
IPC volátil;2020-11-01;106.6023
IPC volátil;2020-12-01;107.2339
IPC volátil;2021-01-01;108.2643
IPC volátil;2021-02-01;108.7786
IPC volátil;2021-03-01;108.9797
IPC volátil;2021-04-01;109.1442
IPC volátil;2021-05-01;109.5775
IPC volátil;2021-06-01;110.0778
IPC volátil;2021-07-01;111.1221
IPC volátil;2021-08-01;111.8610
IPC volátil;2021-09-01;114.0908
IPC volátil;2021-10-01;117.6918
IPC volátil;2021-11-01;117.7696
IPC volátil;2021-12-01;118.9038
IPC volátil;2022-01-01;120.3447
IPC volátil;2022-02-01;119.8700
IPC volátil;2022-03-01;122.7696
IPC volátil;2022-04-01;125.1432
IPC volátil;2022-05-01;127.3214
IPC volátil;2022-06-01;129.1229
IPC Alimentos volátiles;2010-01-01;62.1653
IPC Alimentos volátiles;2010-02-01;61.5440
IPC Alimentos volátiles;2010-03-01;62.4803
IPC Alimentos volátiles;2010-04-01;62.2565
IPC Alimentos volátiles;2010-05-01;63.4219
IPC Alimentos volátiles;2010-06-01;63.4773
IPC Alimentos volátiles;2010-07-01;64.2759
IPC Alimentos volátiles;2010-08-01;65.2490
IPC Alimentos volátiles;2010-09-01;66.7807
IPC Alimentos volátiles;2010-10-01;67.5800
IPC Alimentos volátiles;2010-11-01;67.5385
IPC Alimentos volátiles;2010-12-01;67.5319
IPC Alimentos volátiles;2011-01-01;66.4050
IPC Alimentos volátiles;2011-02-01;66.2246
IPC Alimentos volátiles;2011-03-01;67.4584
IPC Alimentos volátiles;2011-04-01;67.9834
IPC Alimentos volátiles;2011-05-01;68.3070
IPC Alimentos volátiles;2011-06-01;68.6871
IPC Alimentos volátiles;2011-07-01;68.5647
IPC Alimentos volátiles;2011-08-01;68.8294
IPC Alimentos volátiles;2011-09-01;70.4485
IPC Alimentos volátiles;2011-10-01;71.9630
IPC Alimentos volátiles;2011-11-01;73.8557
IPC Alimentos volátiles;2011-12-01;74.5193
IPC Alimentos volátiles;2012-01-01;73.7028
IPC Alimentos volátiles;2012-02-01;74.4162
IPC Alimentos volátiles;2012-03-01;75.8603
IPC Alimentos volátiles;2012-04-01;74.9200
IPC Alimentos volátiles;2012-05-01;74.1082
IPC Alimentos volátiles;2012-06-01;73.5107
IPC Alimentos volátiles;2012-07-01;74.4365
IPC Alimentos volátiles;2012-08-01;75.6897
IPC Alimentos volátiles;2012-09-01;78.5084
IPC Alimentos volátiles;2012-10-01;81.2906
IPC Alimentos volátiles;2012-11-01;80.1428
IPC Alimentos volátiles;2012-12-01;78.0063
IPC Alimentos volátiles;2013-01-01;77.9999
IPC Alimentos volátiles;2013-02-01;76.6221
IPC Alimentos volátiles;2013-03-01;77.1482
IPC Alimentos volátiles;2013-04-01;77.1974
IPC Alimentos volátiles;2013-05-01;77.8556
IPC Alimentos volátiles;2013-06-01;79.3002
IPC Alimentos volátiles;2013-07-01;79.7074
IPC Alimentos volátiles;2013-08-01;80.0278
IPC Alimentos volátiles;2013-09-01;80.8027
IPC Alimentos volátiles;2013-10-01;82.9552
IPC Alimentos volátiles;2013-11-01;84.4867
IPC Alimentos volátiles;2013-12-01;82.9421
IPC Alimentos volátiles;2014-01-01;82.2325
IPC Alimentos volátiles;2014-02-01;82.4824
IPC Alimentos volátiles;2014-03-01;83.4243
IPC Alimentos volátiles;2014-04-01;83.8407
IPC Alimentos volátiles;2014-05-01;84.1832
IPC Alimentos volátiles;2014-06-01;84.1220
IPC Alimentos volátiles;2014-07-01;84.8661
IPC Alimentos volátiles;2014-08-01;85.9462
IPC Alimentos volátiles;2014-09-01;88.8107
IPC Alimentos volátiles;2014-10-01;93.3168
IPC Alimentos volátiles;2014-11-01;92.2998
IPC Alimentos volátiles;2014-12-01;91.0785
IPC Alimentos volátiles;2015-01-01;91.0478
IPC Alimentos volátiles;2015-02-01;90.0660
IPC Alimentos volátiles;2015-03-01;90.2116
IPC Alimentos volátiles;2015-04-01;90.8189
IPC Alimentos volátiles;2015-05-01;91.0534
IPC Alimentos volátiles;2015-06-01;91.0945
IPC Alimentos volátiles;2015-07-01;91.7831
IPC Alimentos volátiles;2015-08-01;94.0043
IPC Alimentos volátiles;2015-09-01;96.0347
IPC Alimentos volátiles;2015-10-01;96.9355
IPC Alimentos volátiles;2015-11-01;96.4192
IPC Alimentos volátiles;2015-12-01;95.2740
IPC Alimentos volátiles;2016-01-01;94.8453
IPC Alimentos volátiles;2016-02-01;93.4540
IPC Alimentos volátiles;2016-03-01;93.9293
IPC Alimentos volátiles;2016-04-01;93.2301
IPC Alimentos volátiles;2016-05-01;94.9311
IPC Alimentos volátiles;2016-06-01;95.9867
IPC Alimentos volátiles;2016-07-01;96.7774
IPC Alimentos volátiles;2016-08-01;97.8301
IPC Alimentos volátiles;2016-09-01;99.9500
IPC Alimentos volátiles;2016-10-01;99.0610
IPC Alimentos volátiles;2016-11-01;98.5446
IPC Alimentos volátiles;2016-12-01;96.1574
IPC Alimentos volátiles;2017-01-01;95.5451
IPC Alimentos volátiles;2017-02-01;95.9052
IPC Alimentos volátiles;2017-03-01;97.3657
IPC Alimentos volátiles;2017-04-01;97.3070
IPC Alimentos volátiles;2017-05-01;96.6602
IPC Alimentos volátiles;2017-06-01;95.0818
IPC Alimentos volátiles;2017-07-01;95.7539
IPC Alimentos volátiles;2017-08-01;97.3711
IPC Alimentos volátiles;2017-09-01;96.6911
IPC Alimentos volátiles;2017-10-01;97.5735
IPC Alimentos volátiles;2017-11-01;98.5660
IPC Alimentos volátiles;2017-12-01;98.0456
IPC Alimentos volátiles;2018-01-01;99.9564
IPC Alimentos volátiles;2018-02-01;99.2862
IPC Alimentos volátiles;2018-03-01;98.8840
IPC Alimentos volátiles;2018-04-01;99.0142
IPC Alimentos volátiles;2018-05-01;98.5600
IPC Alimentos volátiles;2018-06-01;98.5641
IPC Alimentos volátiles;2018-07-01;98.8059
IPC Alimentos volátiles;2018-08-01;99.3700
IPC Alimentos volátiles;2018-09-01;100.2169
IPC Alimentos volátiles;2018-10-01;101.3324
IPC Alimentos volátiles;2018-11-01;101.5618
IPC Alimentos volátiles;2018-12-01;100.2939
IPC Alimentos volátiles;2019-01-01;99.7192
IPC Alimentos volátiles;2019-02-01;98.9539
IPC Alimentos volátiles;2019-03-01;100.3047
IPC Alimentos volátiles;2019-04-01;100.2630
IPC Alimentos volátiles;2019-05-01;99.9730
IPC Alimentos volátiles;2019-06-01;100.4147
IPC Alimentos volátiles;2019-07-01;100.4279
IPC Alimentos volátiles;2019-08-01;101.3848
IPC Alimentos volátiles;2019-09-01;101.3331
IPC Alimentos volátiles;2019-10-01;102.8729
IPC Alimentos volátiles;2019-11-01;104.9154
IPC Alimentos volátiles;2019-12-01;103.8676
IPC Alimentos volátiles;2020-01-01;105.5099
IPC Alimentos volátiles;2020-02-01;106.3515
IPC Alimentos volátiles;2020-03-01;107.0673
IPC Alimentos volátiles;2020-04-01;108.2439
IPC Alimentos volátiles;2020-05-01;108.6034
IPC Alimentos volátiles;2020-06-01;109.2688
IPC Alimentos volátiles;2020-07-01;109.5450
IPC Alimentos volátiles;2020-08-01;110.1573
IPC Alimentos volátiles;2020-09-01;113.0311
IPC Alimentos volátiles;2020-10-01;113.9606
IPC Alimentos volátiles;2020-11-01;114.3126
IPC Alimentos volátiles;2020-12-01;114.3002
IPC Alimentos volátiles;2021-01-01;116.4559
IPC Alimentos volátiles;2021-02-01;115.5680
IPC Alimentos volátiles;2021-03-01;115.0083
IPC Alimentos volátiles;2021-04-01;115.4607
IPC Alimentos volátiles;2021-05-01;114.6686
IPC Alimentos volátiles;2021-06-01;114.8137
IPC Alimentos volátiles;2021-07-01;116.0736
IPC Alimentos volátiles;2021-08-01;117.1349
IPC Alimentos volátiles;2021-09-01;120.8526
IPC Alimentos volátiles;2021-10-01;121.7608
IPC Alimentos volátiles;2021-11-01;121.1555
IPC Alimentos volátiles;2021-12-01;121.6059
IPC Alimentos volátiles;2022-01-01;123.3071
IPC Alimentos volátiles;2022-02-01;125.8782
IPC Alimentos volátiles;2022-03-01;131.2594
IPC Alimentos volátiles;2022-04-01;134.4607
IPC Alimentos volátiles;2022-05-01;136.5233
IPC Alimentos volátiles;2022-06-01;137.2335
IPC Energía volátiles;2010-01-01;74.1556
IPC Energía volátiles;2010-02-01;75.6347
IPC Energía volátiles;2010-03-01;75.6718
IPC Energía volátiles;2010-04-01;78.6249
IPC Energía volátiles;2010-05-01;79.9849
IPC Energía volátiles;2010-06-01;77.8633
IPC Energía volátiles;2010-07-01;78.0056
IPC Energía volátiles;2010-08-01;79.3542
IPC Energía volátiles;2010-09-01;78.3968
IPC Energía volátiles;2010-10-01;79.1336
IPC Energía volátiles;2010-11-01;80.8882
IPC Energía volátiles;2010-12-01;80.8538
IPC Energía volátiles;2011-01-01;83.6296
IPC Energía volátiles;2011-02-01;83.6265
IPC Energía volátiles;2011-03-01;85.9039
IPC Energía volátiles;2011-04-01;87.6326
IPC Energía volátiles;2011-05-01;88.5821
IPC Energía volátiles;2011-06-01;89.4402
IPC Energía volátiles;2011-07-01;89.6997
IPC Energía volátiles;2011-08-01;89.5495
IPC Energía volátiles;2011-09-01;89.5661
IPC Energía volátiles;2011-10-01;90.4015
IPC Energía volátiles;2011-11-01;90.1530
IPC Energía volátiles;2011-12-01;90.2637
IPC Energía volátiles;2012-01-01;89.6754
IPC Energía volátiles;2012-02-01;88.8707
IPC Energía volátiles;2012-03-01;88.3716
IPC Energía volátiles;2012-04-01;88.5969
IPC Energía volátiles;2012-05-01;89.9322
IPC Energía volátiles;2012-06-01;87.2659
IPC Energía volátiles;2012-07-01;85.1808
IPC Energía volátiles;2012-08-01;87.7101
IPC Energía volátiles;2012-09-01;87.5378
IPC Energía volátiles;2012-10-01;88.4882
IPC Energía volátiles;2012-11-01;85.5962
IPC Energía volátiles;2012-12-01;85.6693
IPC Energía volátiles;2013-01-01;87.2471
IPC Energía volátiles;2013-02-01;88.9144
IPC Energía volátiles;2013-03-01;89.4466
IPC Energía volátiles;2013-04-01;85.4310
IPC Energía volátiles;2013-05-01;83.9795
IPC Energía volátiles;2013-06-01;87.8928
IPC Energía volátiles;2013-07-01;88.7319
IPC Energía volátiles;2013-08-01;90.6426
IPC Energía volátiles;2013-09-01;90.1608
IPC Energía volátiles;2013-10-01;87.0641
IPC Energía volátiles;2013-11-01;86.8733
IPC Energía volátiles;2013-12-01;90.3824
IPC Energía volátiles;2014-01-01;91.0888
IPC Energía volátiles;2014-02-01;92.7645
IPC Energía volátiles;2014-03-01;94.2729
IPC Energía volátiles;2014-04-01;93.2321
IPC Energía volátiles;2014-05-01;94.4467
IPC Energía volátiles;2014-06-01;94.4480
IPC Energía volátiles;2014-07-01;95.4458
IPC Energía volátiles;2014-08-01;94.3910
IPC Energía volátiles;2014-09-01;94.9650
IPC Energía volátiles;2014-10-01;95.2960
IPC Energía volátiles;2014-11-01;94.0842
IPC Energía volátiles;2014-12-01;88.5772
IPC Energía volátiles;2015-01-01;83.6574
IPC Energía volátiles;2015-02-01;85.9216
IPC Energía volátiles;2015-03-01;87.0743
IPC Energía volátiles;2015-04-01;88.0452
IPC Energía volátiles;2015-05-01;88.5367
IPC Energía volátiles;2015-06-01;90.1712
IPC Energía volátiles;2015-07-01;91.8438
IPC Energía volátiles;2015-08-01;92.9694
IPC Energía volátiles;2015-09-01;92.4082
IPC Energía volátiles;2015-10-01;91.6319
IPC Energía volátiles;2015-11-01;90.4963
IPC Energía volátiles;2015-12-01;89.6035
IPC Energía volátiles;2016-01-01;88.6137
IPC Energía volátiles;2016-02-01;89.4985
IPC Energía volátiles;2016-03-01;89.1513
IPC Energía volátiles;2016-04-01;90.4505
IPC Energía volátiles;2016-05-01;91.6298
IPC Energía volátiles;2016-06-01;92.7480
IPC Energía volátiles;2016-07-01;92.3098
IPC Energía volátiles;2016-08-01;90.1799
IPC Energía volátiles;2016-09-01;90.4978
IPC Energía volátiles;2016-10-01;91.7309
IPC Energía volátiles;2016-11-01;92.2345
IPC Energía volátiles;2016-12-01;92.2199
IPC Energía volátiles;2017-01-01;94.2973
IPC Energía volátiles;2017-02-01;94.5305
IPC Energía volátiles;2017-03-01;94.2641
IPC Energía volátiles;2017-04-01;94.1533
IPC Energía volátiles;2017-05-01;94.1768
IPC Energía volátiles;2017-06-01;94.2446
IPC Energía volátiles;2017-07-01;93.3385
IPC Energía volátiles;2017-08-01;93.8835
IPC Energía volátiles;2017-09-01;93.5659
IPC Energía volátiles;2017-10-01;95.4599
IPC Energía volátiles;2017-11-01;95.8754
IPC Energía volátiles;2017-12-01;97.1336
IPC Energía volátiles;2018-01-01;97.0860
IPC Energía volátiles;2018-02-01;97.6076
IPC Energía volátiles;2018-03-01;96.7292
IPC Energía volátiles;2018-04-01;97.2116
IPC Energía volátiles;2018-05-01;98.5633
IPC Energía volátiles;2018-06-01;100.0377
IPC Energía volátiles;2018-07-01;101.2209
IPC Energía volátiles;2018-08-01;102.2641
IPC Energía volátiles;2018-09-01;103.6501
IPC Energía volátiles;2018-10-01;103.4812
IPC Energía volátiles;2018-11-01;102.8468
IPC Energía volátiles;2018-12-01;101.0643
IPC Energía volátiles;2019-01-01;99.2743
IPC Energía volátiles;2019-02-01;97.9706
IPC Energía volátiles;2019-03-01;97.9220
IPC Energía volátiles;2019-04-01;99.2900
IPC Energía volátiles;2019-05-01;103.9670
IPC Energía volátiles;2019-06-01;103.5348
IPC Energía volátiles;2019-07-01;103.0240
IPC Energía volátiles;2019-08-01;103.1287
IPC Energía volátiles;2019-09-01;102.8410
IPC Energía volátiles;2019-10-01;105.8655
IPC Energía volátiles;2019-11-01;105.1694
IPC Energía volátiles;2019-12-01;106.7603
IPC Energía volátiles;2020-01-01;107.8212
IPC Energía volátiles;2020-02-01;107.7704
IPC Energía volátiles;2020-03-01;107.6185
IPC Energía volátiles;2020-04-01;105.2626
IPC Energía volátiles;2020-05-01;103.7051
IPC Energía volátiles;2020-06-01;102.6676
IPC Energía volátiles;2020-07-01;101.3815
IPC Energía volátiles;2020-08-01;100.3685
IPC Energía volátiles;2020-09-01;100.6733
IPC Energía volátiles;2020-10-01;101.1861
IPC Energía volátiles;2020-11-01;100.7282
IPC Energía volátiles;2020-12-01;101.2343
IPC Energía volátiles;2021-01-01;103.0444
IPC Energía volátiles;2021-02-01;105.2911
IPC Energía volátiles;2021-03-01;107.0659
IPC Energía volátiles;2021-04-01;108.8090
IPC Energía volátiles;2021-05-01;109.6639
IPC Energía volátiles;2021-06-01;111.3813
IPC Energía volátiles;2021-07-01;114.0558
IPC Energía volátiles;2021-08-01;115.2232
IPC Energía volátiles;2021-09-01;116.3434
IPC Energía volátiles;2021-10-01;119.3703
IPC Energía volátiles;2021-11-01;121.0674
IPC Energía volátiles;2021-12-01;121.1002
IPC Energía volátiles;2022-01-01;122.0832
IPC Energía volátiles;2022-02-01;124.0572
IPC Energía volátiles;2022-03-01;127.2661
IPC Energía volátiles;2022-04-01;130.4288
IPC Energía volátiles;2022-05-01;132.5097
IPC Energía volátiles;2022-06-01;134.7276
IPC Resto de volátiles;2010-01-01;84.4848
IPC Resto de volátiles;2010-02-01;84.9290
IPC Resto de volátiles;2010-03-01;83.6829
IPC Resto de volátiles;2010-04-01;84.3356
IPC Resto de volátiles;2010-05-01;84.7546
IPC Resto de volátiles;2010-06-01;85.4841
IPC Resto de volátiles;2010-07-01;87.7320
IPC Resto de volátiles;2010-08-01;85.1262
IPC Resto de volátiles;2010-09-01;85.5551
IPC Resto de volátiles;2010-10-01;84.7528
IPC Resto de volátiles;2010-11-01;84.3240
IPC Resto de volátiles;2010-12-01;84.9762
IPC Resto de volátiles;2011-01-01;85.2355
IPC Resto de volátiles;2011-02-01;85.7859
IPC Resto de volátiles;2011-03-01;85.5451
IPC Resto de volátiles;2011-04-01;85.1511
IPC Resto de volátiles;2011-05-01;85.2958
IPC Resto de volátiles;2011-06-01;85.4193
IPC Resto de volátiles;2011-07-01;85.5824
IPC Resto de volátiles;2011-08-01;85.9486
IPC Resto de volátiles;2011-09-01;86.5887
IPC Resto de volátiles;2011-10-01;86.7969
IPC Resto de volátiles;2011-11-01;86.7137
IPC Resto de volátiles;2011-12-01;88.1684
IPC Resto de volátiles;2012-01-01;88.1814
IPC Resto de volátiles;2012-02-01;89.2051
IPC Resto de volátiles;2012-03-01;87.7581
IPC Resto de volátiles;2012-04-01;87.7651
IPC Resto de volátiles;2012-05-01;87.6473
IPC Resto de volátiles;2012-06-01;87.8877
IPC Resto de volátiles;2012-07-01;88.0747
IPC Resto de volátiles;2012-08-01;86.7428
IPC Resto de volátiles;2012-09-01;87.5490
IPC Resto de volátiles;2012-10-01;87.2200
IPC Resto de volátiles;2012-11-01;87.0237
IPC Resto de volátiles;2012-12-01;87.6817
IPC Resto de volátiles;2013-01-01;86.9251
IPC Resto de volátiles;2013-02-01;87.3917
IPC Resto de volátiles;2013-03-01;86.6386
IPC Resto de volátiles;2013-04-01;85.7048
IPC Resto de volátiles;2013-05-01;86.0110
IPC Resto de volátiles;2013-06-01;86.0437
IPC Resto de volátiles;2013-07-01;86.3570
IPC Resto de volátiles;2013-08-01;85.7808
IPC Resto de volátiles;2013-09-01;86.7568
IPC Resto de volátiles;2013-10-01;86.2858
IPC Resto de volátiles;2013-11-01;86.8125
IPC Resto de volátiles;2013-12-01;88.1158
IPC Resto de volátiles;2014-01-01;88.1723
IPC Resto de volátiles;2014-02-01;88.5530
IPC Resto de volátiles;2014-03-01;88.0945
IPC Resto de volátiles;2014-04-01;88.9863
IPC Resto de volátiles;2014-05-01;88.7961
IPC Resto de volátiles;2014-06-01;88.5417
IPC Resto de volátiles;2014-07-01;88.4982
IPC Resto de volátiles;2014-08-01;89.2705
IPC Resto de volátiles;2014-09-01;89.7121
IPC Resto de volátiles;2014-10-01;90.2186
IPC Resto de volátiles;2014-11-01;90.8875
IPC Resto de volátiles;2014-12-01;91.7498
IPC Resto de volátiles;2015-01-01;92.8864
IPC Resto de volátiles;2015-02-01;92.7796
IPC Resto de volátiles;2015-03-01;92.2568
IPC Resto de volátiles;2015-04-01;92.0214
IPC Resto de volátiles;2015-05-01;91.5802
IPC Resto de volátiles;2015-06-01;92.5122
IPC Resto de volátiles;2015-07-01;92.3959
IPC Resto de volátiles;2015-08-01;92.6470
IPC Resto de volátiles;2015-09-01;92.9777
IPC Resto de volátiles;2015-10-01;93.2202
IPC Resto de volátiles;2015-11-01;93.4730
IPC Resto de volátiles;2015-12-01;94.2355
IPC Resto de volátiles;2016-01-01;96.3016
IPC Resto de volátiles;2016-02-01;96.8075
IPC Resto de volátiles;2016-03-01;96.1691
IPC Resto de volátiles;2016-04-01;95.7317
IPC Resto de volátiles;2016-05-01;95.0059
IPC Resto de volátiles;2016-06-01;95.8758
IPC Resto de volátiles;2016-07-01;95.8157
IPC Resto de volátiles;2016-08-01;95.8731
IPC Resto de volátiles;2016-09-01;95.7437
IPC Resto de volátiles;2016-10-01;96.1865
IPC Resto de volátiles;2016-11-01;96.0081
IPC Resto de volátiles;2016-12-01;96.4351
IPC Resto de volátiles;2017-01-01;97.3982
IPC Resto de volátiles;2017-02-01;97.1689
IPC Resto de volátiles;2017-03-01;96.6954
IPC Resto de volátiles;2017-04-01;96.4696
IPC Resto de volátiles;2017-05-01;97.3484
IPC Resto de volátiles;2017-06-01;96.1224
IPC Resto de volátiles;2017-07-01;97.0408
IPC Resto de volátiles;2017-08-01;96.7815
IPC Resto de volátiles;2017-09-01;96.6312
IPC Resto de volátiles;2017-10-01;97.3814
IPC Resto de volátiles;2017-11-01;97.3877
IPC Resto de volátiles;2017-12-01;98.0449
IPC Resto de volátiles;2018-01-01;98.2567
IPC Resto de volátiles;2018-02-01;98.5198
IPC Resto de volátiles;2018-03-01;98.1091
IPC Resto de volátiles;2018-04-01;98.1905
IPC Resto de volátiles;2018-05-01;98.8183
IPC Resto de volátiles;2018-06-01;98.3439
IPC Resto de volátiles;2018-07-01;99.0321
IPC Resto de volátiles;2018-08-01;98.5821
IPC Resto de volátiles;2018-09-01;99.3499
IPC Resto de volátiles;2018-10-01;99.9896
IPC Resto de volátiles;2018-11-01;99.7746
IPC Resto de volátiles;2018-12-01;101.0779
IPC Resto de volátiles;2019-01-01;101.0318
IPC Resto de volátiles;2019-02-01;101.7710
IPC Resto de volátiles;2019-03-01;101.2900
IPC Resto de volátiles;2019-04-01;101.1308
IPC Resto de volátiles;2019-05-01;102.3546
IPC Resto de volátiles;2019-06-01;102.2689
IPC Resto de volátiles;2019-07-01;103.1806
IPC Resto de volátiles;2019-08-01;103.3743
IPC Resto de volátiles;2019-09-01;103.3121
IPC Resto de volátiles;2019-10-01;104.6575
IPC Resto de volátiles;2019-11-01;104.1133
IPC Resto de volátiles;2019-12-01;104.2793
IPC Resto de volátiles;2020-01-01;105.1170
IPC Resto de volátiles;2020-02-01;105.8850
IPC Resto de volátiles;2020-03-01;104.9422
IPC Resto de volátiles;2020-04-01;103.5026
IPC Resto de volátiles;2020-05-01;103.8504
IPC Resto de volátiles;2020-06-01;103.4961
IPC Resto de volátiles;2020-07-01;103.7686
IPC Resto de volátiles;2020-08-01;103.9389
IPC Resto de volátiles;2020-09-01;104.4915
IPC Resto de volátiles;2020-10-01;105.5449
IPC Resto de volátiles;2020-11-01;104.6397
IPC Resto de volátiles;2020-12-01;105.7033
IPC Resto de volátiles;2021-01-01;105.7351
IPC Resto de volátiles;2021-02-01;106.3174
IPC Resto de volátiles;2021-03-01;106.2796
IPC Resto de volátiles;2021-04-01;105.5886
IPC Resto de volátiles;2021-05-01;106.5566
IPC Resto de volátiles;2021-06-01;106.7356
IPC Resto de volátiles;2021-07-01;106.9442
IPC Resto de volátiles;2021-08-01;107.3078
IPC Resto de volátiles;2021-09-01;109.1484
IPC Resto de volátiles;2021-10-01;114.5771
IPC Resto de volátiles;2021-11-01;114.3507
IPC Resto de volátiles;2021-12-01;116.3649
IPC Resto de volátiles;2022-01-01;117.8525
IPC Resto de volátiles;2022-02-01;114.5275
IPC Resto de volátiles;2022-03-01;115.8383
IPC Resto de volátiles;2022-04-01;117.3837
IPC Resto de volátiles;2022-05-01;119.6720
IPC Resto de volátiles;2022-06-01;121.9318
